load_date,last_modified_date
2022-03-25,2023-04-23
2022-03-24,2023-04-23 14:56:20
2022-03-01,2023-04-23 15:35:07
2022-03-02,2023-04-23 15:37:36
2022-03-03,2023-04-23 15:39:59
2022-03-04,2023-04-23 15:42:11
2022-03-07,2023-04-23 15:44:39
2022-03-08,2023-04-23 15:47:07
2022-03-09,2023-04-23 15:49:24
2022-03-10,2023-04-23 15:51:29
2022-03-11,2023-04-23 15:53:35
2022-03-14,2023-04-23 15:56:14
2022-03-15,2023-04-23 15:58:28
2022-03-16,2023-04-23 16:00:48
2022-03-17,2023-04-23 16:03:26
2022-03-18,2023-04-23 16:05:35
2022-03-21,2023-04-23 16:08:10
2022-03-22,2023-04-23 16:10:29
2022-03-23,2023-04-23 16:12:48
2022-03-28,2023-04-23 16:15:25
2022-03-29,2023-04-23 16:17:41
2022-03-30,2023-04-23 16:20:01
2022-04-22,2023-04-25 14:53:03
